Height,Weight,BMI
1.6872700594236814,59.25664644193098,20.81459041720741
1.975357153204958,77.0950473689179,19.757646953061
1.8659969709057025,93.64729179382041,26.895111779561304
1.7993292420985183,86.61124432047805,26.751799572778804
1.5780093202212182,90.32805739307248,36.27467602867092
1.5779972601681014,82.93916833553587,33.30789497287576
1.5290418060840998,84.61382822589263,36.19117013290848
1.9330880728874675,92.45978257826596,24.74284219794848
1.8005575058716043,62.483400442959294,19.273059572436498
1.8540362888980226,74.47124818215703,21.66467469723409
1.5102922471479012,61.06047209098011,26.76937130913299
1.984954926080997,99.38340039983234,25.22391843201483
1.916221320400211,97.20296698433066,26.47208724586486
1.6061695553391382,51.9713405684253,20.145643297170498
1.5909124836035504,85.27875862578442,33.69366786426017
1.5917022549267168,96.26241587078329,37.995581347901904
1.6521211214797689,59.02876725636668,21.626186636939757
1.762378215816119,78.39726152763147,25.24077356140442
1.7159725093210578,95.77441487940209,32.52586502649683
1.645614570099021,51.69729892928994,19.09024952221702
1.8059264473611898,84.871013362342,26.023114424120735
1.569746930326021,64.86745036862754,26.32494929131263
1.646072324267609,96.21980976882652,35.51130788837611
1.6831809216468459,98.55291225826838,34.78626991957781
1.728034992108518,97.2133244556717,32.55522716243939
1.892587980696507,73.71071083287319,20.57872407161715
1.5998368910791798,93.10213254946567,36.37543659686688
1.7571172192068059,92.22746992675351,29.871623400506962
1.7962072844310213,65.95502366216279,20.44254553737005
1.523225206359999,91.44577370753387,39.41262880945076
1.803772425950719,51.85038173577463,15.936335745413894
1.5852620618436457,79.81349392410266,31.759539033782406
1.5325257964926398,61.50044186438515,26.185607199825846
1.9744427686266666,56.02834428886394,14.37204899851155
1.9828160165372797,53.84766008146046,13.69626024009967
1.9041986740582306,84.81443879390699,23.390810791329706
1.6523068845866853,66.9937481884033,24.538773483758444
1.548836057003192,86.23833857643808,35.94922068223934
1.8421165132560784,53.26781703994712,15.697507816076039
1.7200762468698008,65.76451689153052,22.227787538190366
1.5610191174223895,76.97456461876686,31.588630480337226
1.747588455055635,89.53615824194819,29.317040165631713
1.5171942605576092,65.9376251466035,28.645138010511786
1.954660201039391,81.29456882185045,21.277421221327664
1.6293899908000085,94.29888741180935,35.51865243419971
1.831261142176991,80.79315940911523,24.092065277926423
1.6558555380447055,61.64797373768169,22.484017613620264
1.7600340105889054,51.220039077826904,16.534755798950066
1.7733551396716398,93.50494369504649,29.73330166403568
1.5924272277627636,51.063470542519354,20.13683164250428
1.9847923138822794,93.73508363420997,23.794250657763587
1.8875664116805573,76.4468567013606,21.45631575331567
1.9697494707820946,96.95338492564481,24.988546259730626
1.9474136752138245,89.93916178868326,23.71550652544369
1.7989499894055425,99.89670552666686,30.868319419253663
1.9609371175115584,67.53559077258551,17.563269644507084
1.5442462510259598,88.35941444655634,37.052687856305155
1.5979914312095727,70.0965456804621,27.45033976663936
1.522613644455269,73.99378101519544,31.916538606772637
1.6626651653816322,81.37527316091851,29.43627581227177
1.694338644844741,93.68385570931693,32.633550233205945
1.635674515886948,99.20417345996475,37.07969629533857
1.9143687545759647,88.41367069322591,24.12505027364488
1.6783766633467947,70.8883391083667,25.164942153611136
1.6404672548436903,71.06785011385351,26.4081541195134
1.7713480415791243,86.87911507944457,27.689020044824176
1.5704621124873812,61.938857288415115,25.11355889386195
1.9010984903770198,55.52370565656973,15.362758702698432
1.5372753218398854,67.73110788203883,28.66057298381573
1.9934434683002586,64.36194958270409,16.19650623796071
1.8861223846483286,64.81540602279951,18.219586120762607
1.599357840767086,61.680387552495496,24.113253188709464
1.5027610585618012,52.104659481818096,23.07260849749564
1.9077307142274171,50.89369673667069,13.983949725245811
1.8534286719238087,99.38611948680158,28.931701771087408
1.8645035840204938,71.38865668679311,20.535381002303843
1.8856351733429728,69.21633235798409,19.466740602968148
1.5370223258670452,83.9823641346535,35.549029130159596
1.6792328642721364,60.912694393253204,21.601601988592414
1.5579345297625649,97.49805919751127,40.169605315107454
1.9315517129377968,89.3172507207776,23.9399184559333
1.811649063413779,54.47055011561297,16.59638931014664
1.6654490124263246,70.87903878924642,25.55377912541449
1.5317791751430119,93.95591537810824,40.043479375746266
1.655491160857831,97.2366011145705,35.479381246882745
1.6625916610133735,73.37007556249348,26.54286330980742
1.864803089169032,80.67056946053539,23.197926216269295
1.8187787356776066,58.35169730460376,17.639804074913258
1.9436063712881633,99.55843130684883,26.354902685616235
1.7361074625809747,61.58358506917217,20.43204139786987
1.559797122969151,97.13658870675629,39.9251556304275
1.8566223936114974,82.48233244961843,23.928405771664774
1.8803925243084487,80.38683974394296,22.734631732018688
1.7806385987847482,75.63442555082543,23.854369719802754
1.8854835899772806,61.53349058588793,17.30876326142119
1.7468977981821954,58.82640160027542,19.276904179963793
1.761366414690997,61.02431045350877,19.669959180441047
1.7137705091792748,59.32191310721272,20.19806744672097
1.5127095633720475,88.97922367833766,38.884588492942406
1.5539457134966521,67.5062629583365,27.95582937544877
1.515714592843367,52.89213382816982,23.02269840629033
1.8182052056318903,98.45513150704056,29.78191110069727
1.6571779905381634,94.18929424817128,34.29756038756706
1.7542853455823515,96.38761415976064,31.319928322312837
1.9537832369630466,99.74539113232177,26.13004029255643
1.6246461145744375,58.69476246097437,22.23728677646254
1.7051914615178148,69.81210094513294,24.009571505337334
1.8777755692715243,87.91192378520456,24.932189267618977
1.6143990827458112,84.8010309026896,32.537136375335066
1.5384899549143964,57.69479531699275,24.375150561201576
1.644875726456884,90.79165624953089,33.55673940126466
1.5806106436270022,61.22202859183304,24.505180831394334
1.9648488261712864,61.19088074113115,15.849969129988713
1.9040601897822085,76.84872114467068,21.197043886043016
1.8167018782552118,79.64699674208515,24.13248661921338
1.9357302950938589,79.00431039189056,21.084392511398967
1.9018360384495572,54.574341869887746,15.08837126129495
1.5932850294430179,93.87304313151901,36.97889639219303
1.946279499244989,63.2800021294353,16.70536883823305
1.7696711209578253,56.47574606414021,18.033368168302772
1.9037200775820313,94.43740399344887,26.057806798063723
1.9480456499617467,97.78257491148767,25.76696157214773
1.6590017374859318,93.10638086327253,33.82873545297296
1.5550259622638385,90.4758037362439,37.41598314564431
1.6139675812709708,82.7620990319511,31.771804579921593
1.713553894313128,77.54286853045696,26.408657620307288
1.9090073829612466,54.34933799557051,14.913481592489852
1.9303652916281717,70.42266065353493,18.89876517152681
1.5034760652655954,68.6344258506157,30.363299793191846
1.755373651288783,62.98768918801631,20.441677176931464
1.7087055015743895,86.17100568442925,29.51390846712214
1.6110539052353652,74.79378675393855,28.816775148739797
1.5599326836668415,54.0523107953824,22.21276133031263
1.6688075857018139,61.009160097490565,21.90698020189403
1.9714548519562596,84.16293818297979,21.65445296134271
1.6616014660103775,53.80654297451501,19.488632067217992
1.759395310871683,92.56034570243844,29.901853381704566
1.8515094794475888,74.75732635069872,21.807299133297537
1.681814801189647,74.0293288663324,26.172636388997283
1.9858910413604804,79.62038923297588,20.1889374758961
1.9812236474710556,91.23404829625746,23.24288000527688
1.625891147912682,67.39046039510966,25.492679751233677
1.7486242529461928,83.90080762795318,27.439307463356805
1.6504391549083848,78.28659819978955,28.740107317432894
1.642420247188734,63.35141350847107,23.484846662635924
1.5184434736772663,93.9314993177579,40.73934065880266
1.8047821669899484,89.8713010803464,27.591254488110543
1.7513395116144308,82.92259173292128,27.03536117308907
1.5257393756249946,92.52908645471209,39.74820906710984
1.6393232321183058,93.36471004799012,34.74189996966316
1.954132942983327,85.41814883575174,22.368761700164942
1.6197809453334862,91.85066641818361,35.00819667542471
1.5724474360456115,84.87357308346418,34.32576401555955
1.7447263801387816,84.00703858801502,27.59694576064522
1.9928252270553004,80.93056891075922,20.378591737277027
1.6210276357557503,87.63583197788206,33.35038687571562
1.8360677737029394,57.93025526465368,17.18414885890198
1.8808098076643587,94.04353795994642,26.585155048494485
1.6188187719962,93.5921763872616,35.71437732828604
1.8641081743059298,51.462364151727954,14.809742649595377
1.6838915663596266,91.29083752823814,32.19577975516299
1.8161529152967897,56.44349337367226,17.112326610548322
1.8167648553804474,66.7559427129571,20.225184554392875
1.7678873420373793,87.1754128145804,27.892332904869452
1.545144885027204,58.03799480241541,24.309385577532485
1.917651247794619,90.8983512059531,24.71819482333104
1.6603900324858678,91.6067088978871,33.228217579890085
1.5932592551999272,75.37338668804182,29.69238817649662
1.520387570777382,50.31929358584168,21.768370192239935
1.795446471594121,64.35190665874563,19.962571988070962
1.8387821809211413,80.84634591878711,23.911114689136337
1.508293914463928,99.05930890137117,43.54350017293712
1.7560465291496405,81.59067635083342,26.45869957982319
1.6132478875989689,62.99017905320799,24.203079795539836
1.822586395204725,81.70028515498056,24.595028155754346
1.5871832145024958,76.99926898579278,30.56556853667191
1.845468869051233,88.99226975755718,26.129965514236382
1.6933676731502687,55.34903194134792,19.302230611572156
1.9683649943683672,88.05139512510141,22.726103265113814
1.5687604720729966,77.06332893380551,31.313707435261165
1.6705331755251294,98.14960019294973,35.170482405177594
1.5567367606202946,67.0936083019343,27.685399009924343
1.9623468091392815,81.6310946566974,21.198449329609534
1.9386696766904905,96.60140527550087,25.70252613092289
1.6289708138575778,55.12548639953396,20.77427269750138
1.8299920230170894,96.86142436182256,28.923607395445746
1.9086111001006079,84.39428611504067,23.167445675442107
1.7776004057997312,53.39185295525859,16.89688746957389
1.7648252891780032,65.04817834734081,20.884866427578185
1.620926145450226,85.40860443226407,32.50687121445116
1.5465513839029497,53.36753007343859,22.31250833113617
1.9486078789766634,79.10852300881366,20.83408192762955
1.9502090285816651,67.29415284764784,17.693551108161124
1.816550728636634,81.04577588837385,24.5603936618061
1.6695148955243504,52.28710169062564,18.759185279616407
1.6746047873063303,93.57684030761882,33.36904057198595
1.8629778394351197,98.67444845886985,28.430816336362206
1.9485551299762887,98.44389276428458,25.92766360071206
1.9435432121325587,87.48259158714623,23.159716455834
1.8899377729288118,56.5043120065316,15.819275196314544
1.8210158230771438,87.91315979645113,26.51102082937597
1.5420699824975244,51.229345822940076,21.543221333009434
1.580814357047307,51.106177576449866,20.450863807840253
1.9492770942635396,66.18051095747705,17.41738520795119
1.803214529829795,74.43215952023328,22.891055755773085
1.5045985258083148,88.52037089038966,39.1022691710117
1.550735771433016,84.16476883032526,34.99892658945723
1.8317508845540278,72.29513531883742,21.546476254769278
1.5025307919231095,63.68133331408329,28.207551252744892
1.5804040257087493,99.85622500788556,39.97964093294559
1.7743668946832931,71.30906511179865,22.649462008329213
1.8459475988463465,72.56935121648377,21.296807405931926
1.8259806297513004,58.181191059583455,17.449792834776805
1.61213465473028,89.74047743749647,34.529138927448344
1.8560896106737679,84.68411128907442,24.5812551412592
1.6186245437484001,61.03848063943802,23.297615409090056
1.6626998490796339,54.11905228079213,19.57593291268557
1.8732457025590121,84.02496510373565,23.945221066252618
1.8248164495236074,82.72556071405677,24.842845883640646
1.924611705247089,63.662976349910466,17.187024385741918
1.8288064461501716,97.54317811252051,29.164961925238803
1.7841543016677357,57.55289458904501,18.080163283277326
1.5468373839140463,71.6167400521301,29.931275834350394
1.6838579015297168,97.18079600837994,34.274377334372666
1.6326011838408627,70.98636584630611,26.632671285937768
1.6219948216895417,81.92629738320429,31.140415348126663
1.9865052773762228,69.87971989813971,17.708089536882035
1.6965488623333802,63.7107601174335,22.135026283583745
1.9460232775885566,99.19888239799141,26.194536465492835
1.8155693129986314,70.46670031575215,21.377566612945362
1.8974056517708242,94.70496018395673,26.3058504063898
1.751318546552596,61.49773029455431,20.050665586682662
1.7884519423131795,60.655235201254165,18.963292408080072
1.746258846909432,51.55670414422557,16.90705275546987
1.5976214938990223,82.58334126879424,32.355242609369775
1.8612260576307527,68.42631718618806,19.75262950819391
1.640386181220428,93.21791249198185,34.64233594785815
1.5121579832157268,73.66049533457786,32.213677147354126
1.822736147953584,98.40967139573608,29.620348826223843
1.5885553397035244,59.27627578515606,23.489631974335015
1.970229292176457,93.43115839778054,24.069007941869966
1.9769642885012937,88.82984263958708,22.72800121953836
1.9574321951102243,88.5460922322026,23.109787130005145
1.6850793501277221,92.23916140584438,32.484383785892376
1.5077283082644337,88.05119954714993,38.73371020027484
1.9641592812938626,81.31101608157077,21.076378106578453
1.7140920741586572,56.56224388411938,19.25122352031204
1.9833274095218347,51.6263089745626,13.124484325507769
1.9818099885446263,96.04239239078434,24.45338264562452
1.92650472773368,80.8325157260369,21.7794013011911
1.647224446034793,89.82686454880881,33.10554050342361
1.6925488643009627,74.0761175756275,25.858050595443103
1.9255683357584283,55.86540944811972,15.06694193724477
1.6584610025781388,56.259289610127524,20.454257369654606
1.5847463733430462,84.27826436144858,33.557998473936856
1.7784006312291751,71.51529474497313,22.612038967475613
1.9680773870803905,60.02623633501683,15.497326075354076
1.8480148983374864,74.57972733707184,21.8378488172955
1.7850305850446824,53.21044685375671,16.699581302034005
1.5485882468853842,79.09857009571994,32.983498223826246
1.807503613349585,63.449670221754886,19.420974628063277
1.9950269250521315,89.87795503185941,22.581649373374074
1.570042007618262,65.51809794617868,26.579006054668472
1.7591648261818684,72.76100745409006,23.511786958915287
1.9386865359639778,50.58102699540503,13.457749948997463
1.8703843088771022,53.62234438972794,15.32795076475379
1.848507870497634,69.62467782033424,20.376077813687456
1.8512420419935547,73.99694173585618,21.59172606404398
1.6797455756098776,80.00102740596519,28.35362249044581
1.6467959221322466,64.58312893546517,23.814392989368418
1.9046805777392568,84.74909430632712,23.360963947120418
1.9050566973395904,93.00611985946023,25.626878828083555
1.933536159290052,88.99254944466749,23.80395124046081
1.9566202762782356,51.980941267417855,13.57785104232261
1.755671199430469,74.02534736289145,24.015635544413158
1.7507581473435998,55.246508920908745,18.024055982150337
1.8991475894833876,62.10225079312637,17.21828561319903
1.8249819653888826,99.33312966335733,29.82476049035853
1.8509834386288517,57.12477714507566,16.673218932229336
1.8978963347180504,74.9444076725678,20.80627131097795
1.945002670908783,80.90778671590596,21.387002334989702
1.6689975784257678,85.12324852720519,30.558833764775915
1.687791476319972,77.98243417434571,27.37532026702628
1.5469909699204345,50.48854237095918,21.096833496391685
1.789140070498087,66.3230654121996,20.719339460006136
1.517971136898371,75.88558216923558,32.933071917589075
1.73279900906623,54.39332495724167,18.11545411618083
1.7713223173537882,67.53134656045904,21.523367477198192
1.643270626064142,51.66015543956833,19.130993503197573
1.7954166302845054,53.928924857751035,16.729820257784432
1.5152501249695247,69.8461638100798,30.421029074789757
1.518674094374607,56.63578770215302,24.556234699978894
1.9113002803298291,78.3770424130779,21.45512376804761
1.6800953207056315,84.47324845686329,29.926184629830168
1.5635302563259423,90.02933495545415,36.82743421437727
1.7611216300274022,60.007512212240506,19.347591979176773
1.8849967765493054,58.37412911295349,16.428548363591872
1.6079105137484215,55.228392016720015,21.361839559258595
1.8114452379095,81.82151247718184,24.935442786034454
1.542673732496884,85.32378632434506,35.85270683630729
1.525840860584304,51.5793072412821,22.15424853206471
1.765677315784074,96.81061231218449,31.052766089294515
1.7703175608050532,52.59856418257362,16.783074959440462
1.8187149507491034,77.06481676505352,23.298441794339894
1.8630456668613307,85.45302597254582,24.619568973102666
1.9879260397312672,93.54845618730428,23.67206691064839
1.7581501741505976,85.70434660662139,27.72623578978712
1.6614782364706229,90.08640415348958,32.633972138917194
1.8975930973843518,66.97250962714031,18.599034050321507
1.635416125631037,90.7412556873256,33.92721675250653
1.719485710352818,54.00574231923376,18.26597243434994
1.539228190671133,94.74083280302638,39.98813783665547
1.5126753717077288,77.37961880768681,33.81700282434994
1.9813242073389625,90.86488849812469,23.14648274935425
1.9179900602561029,72.615914225915,19.739634414996676
1.847987103046849,82.17888475982625,24.06369814900645
1.7044764722071348,76.32013304680567,26.269820008966864
1.5866471600354228,86.5794760877666,34.391746903343815
1.578218521335543,54.08149910152948,21.712730898811706
1.6251214490822976,53.01760419952819,20.07467180663937
1.7746133323530602,62.355161700507324,19.799988127047758
1.8572979613500311,57.97723400565942,16.80715974987397
1.8300986883588657,93.58917832961009,27.943230606919826
1.6399669484729715,60.960699367902215,22.66625392967725
1.977432640331597,98.79326279095656,25.265269307078352
1.8689484583478841,66.84478958855534,19.136958335357534
1.7771770262557003,59.10589578443496,18.714120554503676
1.805860373117176,89.48492535712396,27.43983805023687
1.709800031213895,82.9353887750438,28.369340734317003
1.6238654947505786,74.90978582265694,28.40785535893618
1.677986339325631,77.76817754688156,27.620089396001095
1.8789230552321845,85.96008891361319,24.34887303793761
1.507196744314878,61.422737066564935,27.03891562207837
1.5580363202534582,99.8166958028371,41.11951981316708
1.5230013210108764,98.73965810733915,42.56876582232945
1.520364401159485,82.51628431734684,35.69803238734142
1.9277302920055037,59.97712254645725,16.13961172549224
1.851828929690012,84.01141212156458,24.498334250059827
1.7370869145436627,53.60992044895879,17.766507569006258
1.5489170803255008,51.532625110290304,21.4795870926078
1.7458079375584161,62.884144425560685,20.63232779368532
1.7367358853902828,73.13114783696582,24.245705961111412
1.5866009349550076,93.41362527041903,37.10862094480267
1.7169258246189865,86.3584534883154,29.295559069253542
1.6992523671986868,87.13532605999904,30.17716889023877
1.8079250490261083,71.27466672240377,21.805916825793528
1.8175468254338218,67.29674962734815,20.371493603279507
1.5226520048860221,68.55193814923014,29.567759743626954
1.6873063073132357,99.3824781868029,34.907758450941756
1.812929957857118,52.005459570624126,15.822929296508631
1.7515681292900438,93.35157480612243,30.42759170336761
1.9282449205941612,78.93377042861967,21.22943598772627
1.8293468158094726,71.93077095947953,21.494265921560547
1.5814672135407148,86.26288302075682,34.490825064186986
1.5352843737002149,74.33344707123514,31.53600048080672
1.8212096391031578,93.67116190408302,28.24138730648014
1.513255655270811,95.03509320056293,41.50107952697208
1.7928877906367315,71.08604634367276,22.114551750321116
1.9701151207124787,63.841389861752575,16.44822827917218
1.7877370889379396,79.61751642966811,24.911583008546003
1.6940849631032608,95.61816728083454,33.31731846262898
1.8216441092211766,60.53310945028333,18.241725481503895
1.7291264452457584,81.14832917817414,27.141014456942273
1.7728083946579676,81.57801100462603,25.956702126755545
1.9707324043882626,86.65565112076405,22.31215788969113
1.693051318900387,56.57838425636299,19.73832502291539
1.980595281911957,85.79124823410443,21.870137142093096
1.9526753209780319,95.45162603328205,25.03359698128495
1.5978955673946482,58.984155443512094,23.101414969763788
1.5346806504375827,61.87716624619388,26.272075371615234
1.5503890006887133,98.56975470208198,41.00740794005903
1.509110912825775,59.04884763547449,25.92800533140147
1.5472214803779643,92.71925466847895,38.731557323400125
1.8415033867081785,74.61389282240174,22.002633015630813
1.5355943242301144,62.36155372015885,26.446239735466012
1.6594878151468806,93.53749506362557,33.96546772355711
1.9224376554847273,72.26526275013327,19.553524819042067
1.511635967867913,75.74086769648451,33.146359947736926
1.9072342412944678,67.96166846998828,18.68340215471626
1.6409273873867,79.64754257174637,29.579692414279503
1.5590824138108281,58.17619362925114,23.9335519805754
1.8483685826820753,69.55407683258804,20.358483981405758
1.814471423389942,98.47061611676438,29.90930969883927
1.9387360067635264,62.90667163505638,16.73629626132089
1.867535521901943,82.8368332270646,23.751210327231753
1.9017404651924243,66.25950321123474,18.320852589942035
1.6410172862856531,88.67365628433004,32.92822376412479
1.5887197718898614,56.54368303591749,22.40213924965958
1.8753073758204293,98.49105225392724,28.00604961383246
1.903417369633632,72.68947706918196,20.063351795613116
1.9952525710003366,61.8025231673232,15.524243564256565
1.7063088384557132,53.67483736650063,18.43552273626796
1.6860090428963916,58.48789525437704,20.575300836741043
1.8882064803709984,75.98869742780089,21.31326733700635
1.6704017701265088,66.85015882156432,23.958551644342702
1.9653786628017824,91.44416829413046,23.673558318076772
1.929206375921506,71.5443761830903,19.222865362554902
1.714497013687509,62.435713629381496,21.24024950439921
1.8754355338957487,80.8572493302015,22.98871426941509
1.8772714370423411,85.33886084427229,24.215458509068775
1.5515619344179663,58.35209539504749,24.239196732432884
1.9512764533397833,58.380960814415886,15.333229306934717
1.7526261862239285,51.83357134667715,16.874563218341567
1.9132287330538709,86.82010075328202,23.71846048342003
1.660024800515306,83.19022638109026,30.18861253493738
1.9477616142481002,73.7315437874907,19.4348736658387
1.6946008393670815,92.20852244845986,32.1096985640628
1.5054188257401493,90.28350764750266,39.83765243484627
1.952690988209632,79.2677182198376,20.788794822519552
1.5456433383930668,93.41356402566294,39.101315539531114
1.6596568187952074,60.292060501838414,21.8888798349038
1.9750309835254025,55.5959809698864,14.252648395294191
1.975303573468778,63.48748057584948,16.2712303788872
1.786718944061643,52.854342804465745,16.556487016450046
1.8159186060848995,76.5584764000516,23.216701890662122
1.7242227609891598,96.83028461474808,32.570502638610726
1.6466053858490324,51.967177033425486,19.166819918531996
1.664332272684958,56.105495700501336,20.254677593884537
1.8362592280385193,72.60995141417176,21.534171301857516
1.87618726471884,96.69375087639524,27.46920180701187
1.8957895218629242,65.80780524883752,18.31037208903861
1.894809071397277,75.36174043441963,20.990365899795002
1.545603051524345,52.0786429525196,21.80036304231004
1.7472101523512906,57.41716004810444,18.808381215070796
1.5287793800083223,99.33150614794235,42.50082769312299
1.7747644411618677,98.25593482180227,31.194451560564687
1.7207652506866884,50.24699904672048,16.969415144202614
1.94385209137915,97.59058927116195,25.82744872477724
1.6754575062760393,81.95599689077503,29.19536453390657
1.558533508213803,93.39591472600111,38.44993341207035
1.571495841026418,72.73699278169295,29.452954721947126
1.8807553158587362,75.77980142896251,21.423423197715778
1.8091090316581306,74.44232901284602,22.745237109103662
1.5505613380613952,83.34321287730522,34.66509035047363
1.5420534030574986,56.98256273781564,23.963108224644575
1.8504845657295599,51.4986794936339,15.039214684188686
1.5363815031820969,65.39649707955954,27.70488465126024
1.910930029645178,85.23403813683234,23.34121687930021
1.8531211135782482,60.09267260614742,17.499027397963804
1.5406743903209499,83.67162166624587,35.24978391223565
1.542418857042596,98.49560230536352,41.401129347200566
1.9933197892505876,54.69503578947092,13.765562231361574
1.68713539787806,83.63010591125632,29.380742831765772
1.6853210735334454,72.18751096522855,25.415389214127757
1.9063997836287512,93.40711271887527,25.70111635851071
1.9736242886919293,58.857489472369295,15.110289014453482
1.9930005319114354,84.63129761130823,21.30669899511831
1.8766890926294708,91.90576448240552,26.095047526596062
1.688129792765458,97.23071097370116,34.118646354262054
1.5417503583493344,84.16240141448229,35.407071067427786
1.8885734579637183,74.85873820042136,20.988178003908757
1.7792021248679024,80.8923620100607,25.553885211556192
1.7121110046234882,93.44524922393592,31.878170508026972
1.953177192547368,78.53048733194149,20.585195877182294
1.5555987411530756,51.519352984841845,21.289979054073637
1.7463125521454295,96.54743477534889,31.658970484733892
1.5056768223837096,84.47633755157806,37.26246203739489
1.734330320997063,83.82566928886233,27.868487304181016
1.5281516378409186,60.78375761988586,26.028829701272297
1.559408958134036,82.94427351163286,34.10879353152215
1.5587631233885524,69.69322028270793,28.683377355623247
1.824605151058032,82.5616488520746,24.79936522337407
1.8730224396327118,55.32965151539953,15.771462730194676
1.7916843825485798,82.89226523015179,25.82206628937898
1.981086274237271,99.97068628853333,25.472167122307386
1.687435289761852,52.4106019430278,18.40623204883081
1.6428560431409305,98.85870921106587,36.628228631575126
1.9342995640947303,70.34539803614354,18.801314902559234
1.6117979192597263,93.53767251686295,36.00521243493101
1.9816112697203057,89.11927420291367,22.695236562032786
1.506077237344908,78.3508130493334,34.54212234837269
1.9849394133538194,86.92246046256633,22.06162512087229
1.521579955975288,93.92577806506739,40.569087941658424
1.9455715568490355,70.20701608255165,18.547530681722076
1.76385055454315,66.35165807816193,21.326923351474644
1.9964823980596502,83.37966927817924,20.91843533959711
1.5368982823676993,90.39229709706294,38.268476469343376
1.7769271422006603,88.11425673883079,27.906600798089283
1.9846512678095496,89.89068244293173,22.821609280633382
1.7615489220850744,71.77916574064665,23.131776549249906
1.8146993190676313,90.89171080875107,27.60037135897167
1.8478743444923085,56.01045276853042,16.403035003404856
1.7272705323838866,77.22445489804248,25.884162854359044
1.8137790400420317,50.28793302490608,15.286041258908314
1.7921571559615501,66.22929149501351,20.620439984214077
1.9505790052454945,68.32307674356989,17.957270491411244
1.522723190170729,69.80863458046277,30.106981787600382
1.640481594796115,84.7733603344931,31.50044391468152
1.9752057420382794,69.42790506351729,17.795466693583666
1.945131891945458,72.43468113112652,19.14469463654729
1.7278283763928566,61.87720654371637,20.72666818258446
1.8100662989007683,68.662589581467,20.957101353034002
1.6386905914905663,61.363481363157575,22.851571416180278
1.5940605798618805,53.659796188422185,21.117347891440488
1.731849202469991,80.17242966906889,26.73036551665306
1.6766761140130264,83.41063992775082,29.670379301933306
1.791828055925436,80.97451730048073,25.2206167722331
1.5388673184824924,73.17470219002863,30.900009337275332
1.9871974038330833,68.98928900896149,17.470271206812907
1.9931053722398016,93.16668247859127,23.45309224458511
1.8490808570098727,75.9540892568109,22.21464388485274
1.7680481831720603,73.95909388148655,23.659381603999844
1.654763808143164,51.282103290321785,18.72810353469263
1.9068975098534744,67.06239138130782,18.44269281654626
1.8423655862769397,69.00978093929285,20.331013240900536
1.5813084696724458,69.94113904484502,27.970453424265063
1.9554635922469212,79.00861846136661,20.662125681475032
1.9112686214615846,76.68012733634393,20.991301470224805
1.974899956645962,80.39525463967223,20.612953072844473
1.86285975419418,88.2441630771064,25.42878841538204
1.806707597967895,90.64928693580467,27.770816596337824
1.7091215181453094,85.90615381132471,29.408873625772372
1.9663642416770066,97.77618479774674,25.287456648850196
1.9330319447502042,50.91162913381808,13.62507595894833
1.5226093350530947,59.788899284177305,25.789539172921707
1.513183487248626,50.37814374890711,22.00183860352418
1.6882316834390247,82.37373570773015,28.901785197210934
1.9052766653909163,94.90152744749935,26.143101282140112
1.9936380646574723,62.174114828814965,15.642889475172488
1.575208445551764,96.35172723981533,38.83143510078049
1.7970653576760676,53.01336951447804,16.41563413392239
1.6904454283155108,96.72180134027572,33.84714685426637
1.9849571989073016,67.58113436198173,17.152332382205554
1.9210594615678542,55.07104142246082,14.922502975779505
1.919164352355569,74.29358795931628,20.17097989041131
1.734346579897485,62.8388283860254,20.890859230495433
1.7074097511688326,64.24364509809614,22.03711101471581
1.6367035359653532,65.36449824631433,24.400677807265435
1.5281877483254636,90.15129489163317,38.60277646455388
1.9323611881275267,76.95806383376272,20.60997765188244
1.9064505045650388,65.56538495780018,18.039460550614237
1.9998588366430652,80.51668916554593,20.13201409378469
1.9983184185369527,85.80753371115968,21.48800206324442
1.7777158528013137,63.63120003667669,20.13471205894146
1.8844937075902553,70.67745507626758,19.9017616145047
1.972382864941214,56.09430466684738,14.419039351404043
1.9248236953387057,59.05746747673402,15.94016845643126
1.6236740508715988,84.05589269824914,31.883828536660623
1.7252720676550468,59.071917384781344,19.845675480525976
1.5645797075757475,76.258169183353,31.15236251858002
1.977025513629361,85.45231308612163,21.862472445823386
1.80308731722544,55.34384615473719,17.022989067004957
1.6143214027517314,78.36561098144517,30.070836861269203
1.8358503422029284,62.82813918506819,18.641448164798796
1.809064120228948,98.146343761879,29.9892914620963
1.6790813590164202,74.17728233599624,26.31039919840227
1.5567787960998145,90.2996274887579,37.259081389477494
1.8357865977963999,77.51132710781309,22.999626468512155
1.7601538504518968,52.170626642740956,16.83932943079702
1.8861591958678197,81.65756877970111,22.95301575113065
1.7600817505559967,97.57016711033285,31.495707526279677
1.9260907501592701,80.08059100731656,21.58607981072416
1.7759534193872428,90.95944297133951,28.839295744850105
1.7804689857676932,94.2103231674204,29.718690387073494
1.9383268013291726,61.40398859744663,16.343406423173334
1.7017414331061986,60.60224199541133,20.926738402080087
1.5670076142253204,80.54904944254959,32.80335063805087
1.5143913381566696,70.55142349033524,30.763061018805907
1.8775686278368096,91.99306514333603,26.095369421901214
1.8101547756767324,95.00115616990055,28.993288020954534
1.8520398840496117,67.6710689651359,19.728877069588137
1.6064820807544553,61.8435279487241,23.963071591747248
1.5681857377933848,89.0262757621931,36.201219972649874
1.507272332833941,63.740301777406806,28.05631704046362
1.6752937794032985,91.13071592568392,32.47004049926549
1.7949588434273165,71.18691268243813,22.09485562844513
1.696122022549866,83.37749496457351,28.982420725974468
1.7187374610118646,54.77676569173341,18.54288479242092
1.9520793472468743,81.19296623382866,21.307057331209087
1.6741277335116502,72.58838393686145,25.89941446993481
1.7569947445799055,79.3304231587737,25.69797166696844
1.8918265063705715,58.40071038724317,16.317571252463154
1.698271391160635,86.8436872472091,30.110922940760965
1.8110433501139367,93.13985387716143,28.397353018323695
1.9311818543733725,60.836990004538784,16.312531916557493
1.974760311828821,54.78572777600809,14.048781390017865
1.5735367404645189,51.18192930231682,20.671066169676916
1.9632938125807473,82.0985750221633,21.299284933218253
1.746058146539769,80.35470180443903,26.356873315532958
1.6291221941494791,77.33487063570351,29.13855713422215
1.7295678781191306,61.59735480579877,20.591445785087863
1.9900162876427385,69.54529979527574,17.5612134512132
1.7463090469964349,79.72381675930865,26.142425220457987
1.664375805143754,74.83834294295846,27.01602037207279
1.8167004271583629,99.38927601074437,30.114308174492347
1.6200728093890966,56.821987627836656,21.649474298763504
1.537931664054332,84.75722770237968,35.83460864802975
1.5644398609553245,70.21593840521462,28.689168313998135
1.5640229194788862,71.40998074628074,29.192594179333167
1.5759513467561472,85.87988828290881,34.578476877234394
1.5694135863247052,84.62180756621848,34.35638667059062
1.8204373724016074,99.56279968510941,30.0431602943595
1.5909400421995725,56.41971447270626,22.290676987443273
1.6728336416619316,55.20548246920832,19.727711227317585
1.9483942049530059,86.21694085643705,22.711140854761336
1.736980820131436,78.91934585032045,26.1573311691383
1.8337788692605135,63.70803332799029,18.94524694533717
1.586159935600815,53.97096844944933,21.451924469185165
1.5961445094043354,54.282912479821526,21.306824293819357
1.5204343081332394,94.70954373320592,40.96928860278016
1.5844675315360823,59.59336623593715,23.737295138970524
1.6392951695159792,66.16857810577604,24.62280262928622
1.5885052421383734,61.3328201113494,24.30611954090318
1.5443512668785278,67.74981529159686,28.406382989576315
1.5603179355503003,53.47119213730467,21.963101340807686
1.7303893840163629,75.95298954541352,25.366303742990073
1.6031668592028963,53.380628179610746,20.76950887859466
1.6821349305240378,90.01782539111808,31.813163586004126
1.7517086354274285,61.685604095521654,20.10296332491757
1.8451974143146828,77.00059573022553,22.6156154271153
1.5196560699205495,94.0039543780729,40.705725991492415
1.8997051994545213,82.5438684523597,22.872434661549146
1.813950194745454,76.64788932756676,23.294290273182387
1.540879515974436,66.21668765576878,27.8888167524488
1.9367893120533886,66.6500956529099,17.76789656633332
1.9604362002659066,83.4743477599095,21.719389195711198
1.5305389799274318,99.70696806105838,42.563440013067265
1.6384388240736019,83.09195949246893,30.952700109328955
1.9031006398965307,77.88917086850125,21.50569935777315
1.8741298451918291,86.5325255119623,24.6365576332715
1.5922605096781886,73.26028061418592,28.896173057530696
1.6046746616683552,53.00711713003926,20.585441938716723
1.685236051395691,78.1148407938955,27.505026618028538
1.7422614925955107,97.881264225269,32.24578055295646
1.809127385765148,58.76514711788298,17.95483969792785
1.6844568197848862,84.50024454103328,29.780926223082496
1.731267358066574,60.04668443295282,20.033680839404436
1.8737354690668782,76.79138422365406,21.872374856130573
1.5183416014452988,54.83382248233598,23.785349574738287
1.6262184721720103,72.51854681290925,27.421506645934475
1.8566747929422762,87.8081664447623,25.47201055590064
1.9476034188435998,67.37857621194911,17.763182308614713
1.755838721057833,83.24558622436089,27.001753710595626
1.7660567426326579,89.77249803948646,28.782863882190856
1.553586005669888,96.35889097397263,39.9228182667082
1.7237061834117273,61.73210409277267,20.777084243747318
1.7663086332275115,69.9657957904654,22.42604012458955
1.6212352518173647,57.62080066652087,21.922355287958425
1.6346216154746904,99.62417510791876,37.284666549311595
1.6886420815523113,96.35004839621476,33.789107570637114
1.5100355988888632,76.99785651402797,33.767916375738736
1.6610395827915891,92.10166471882107,33.381628245814454
1.6057240034982723,76.04789886360211,29.49479759799209
1.6637486760889573,81.17928440013799,29.32714408424745
1.5598810659096256,54.456221605800835,22.38022929755616
1.9452636403699475,87.7635210248404,23.193009183440104
1.7967962267770243,56.38567418176174,17.465101891948198
1.839551159572245,91.30338151262642,26.98131557190789
1.8945856193036692,89.1014043835193,24.82310339679345
1.7492210994645285,85.43723488714882,27.922723112086786
1.543460144043712,51.80801902623811,21.74734017163661
1.768553270909274,65.15641779726643,20.83151749725759
1.7934205590104395,63.155628495542146,19.63576262701142
1.872719737092165,68.00682037357595,19.391298636204418
1.7158297731148398,54.382137338191924,18.471742824953424
1.5637901513977819,96.84789115155314,39.60346829343823
1.6418879528993622,77.69011203561881,28.818987266930186
1.6815411481993174,65.27621553290118,23.085536365986872
1.8229586206658006,69.84907585371417,21.01875766671868
1.785389152334456,72.36012702524178,22.70040141979598
1.6780483629489231,80.02971666803086,28.42119487467018
1.99325762439649,75.7839713848249,19.074382720322326
1.8028874096784435,95.96959866072086,29.525446016107292
1.6186133958679974,74.84817414529151,28.56899413387028
1.5508912363102019,99.60790074116564,41.41246706958437
1.576429569592166,92.57124788725478,37.25005971057627
1.622978864192254,60.42552571786679,22.94006844503042
1.5803406866297778,96.52976073219581,38.65091565433355
1.593283512025653,55.818319894273806,21.988248499594114
1.6425475843469235,90.87248542455958,33.681892603448
1.5866867976473773,69.03116467382901,27.41970540820036
1.9483827123132125,93.89871602225347,24.734954667121247
1.5401168728308212,93.40283450537251,39.377913293240134
1.7622556947851273,90.29627000588106,29.075819579320363
1.7051984134948308,89.50152181535307,30.78084797657675
1.9911893084543033,65.23395695490204,16.453133415071314
1.5560194510840262,54.04596415256261,22.322006262139055
1.6989277995228709,70.14900893825808,24.303660742914943
1.9847352166376844,58.67622574932543,14.89556631273022
1.93275356294699,84.74755444512309,22.686850519742283
1.90853603547464,67.30498632688928,18.477640431005316
1.6289514135224699,98.78051004299574,37.2267396955123
1.585443793695033,82.04860386726659,32.64145392707435
1.8343216099622155,91.12402818171805,27.082075516114163
1.964687994563793,56.62623363709242,14.670012834102145
1.778381446506965,93.10072411363113,29.437655678596514
1.78580634473495,96.13785952566971,30.1457244589558
1.639989546830142,74.35309594094679,27.645019254177196
1.8847464665959683,80.31264688754888,22.60882871927242
1.5935218742787618,88.24049004514977,34.74976344101119
1.6618396182021218,58.741931363020626,21.270123172334895
1.7127182193082084,75.12830382317212,25.611307388471307
1.7538051893422275,69.93315138861566,22.736331759396524
1.62120486620754,57.31869960811245,21.808235668702128
1.5574184123696018,68.37672111457657,28.190167838154938
1.8053100212208162,53.40861546927468,16.38731243544988
1.6443152766201279,51.29059534747435,18.97000986759783
1.790619110711306,56.758314457741136,17.702029463848785
1.5771813576371012,98.15575557945868,39.45958381652387
1.7405700509274087,77.47647679475085,25.573304513600355
1.766294716275793,98.291108057661,31.505609909264287
1.5259117684112136,71.62489391650661,30.761332695107164
1.6683021390969603,65.59080665426298,23.566417032620585
1.5672073384694871,75.3070931420122,30.6607639038336
1.5316874852363838,71.9755844316455,30.679259442619962
1.9949801161949727,55.2832342130872,13.890449488534113
1.6611769224873614,82.0413157345103,29.730405893865306
1.9049372229273174,60.80190912547998,16.75544165080729
1.627320327381882,80.97939774489149,30.579363661969065
1.8407513611119646,82.51005461990766,24.350989535125226
1.8801139299448433,57.601242656432404,16.295343453263463
1.7978193703039222,53.06748135553341,16.41860918115653
1.7357880942750792,89.038079303422,29.551693416039015
1.7059204570736344,72.99002118846602,25.08106278298927
1.6744341332714976,52.90818977527379,18.870645912954082
1.9647645721239129,99.74331585848836,25.838230295389366
1.9153097038938647,52.88902804981833,14.417420587525509
1.9825134553332564,84.75176144292766,21.563360622391095
1.5621486117427723,99.18394626317068,40.64402307934895
1.8654337376018222,61.95900521079628,17.805114968585286
1.969170228410519,57.11246843435981,14.728699742929026
1.5906165330828301,56.069246971121444,22.161223765499635
1.5332481336833887,65.16375737837978,27.71923424671093
1.8705603246450295,55.052290550532334,15.733739530202358
1.787236556589956,84.60806708470659,26.48791020162002
1.920914388379136,53.114589906503134,14.394540749817356
1.5698861883131447,75.47110640748949,30.622763449995546
1.8976336559299452,99.83484269264883,27.724095705603098
1.6008136600238723,90.69851347530094,35.39310023478804
1.5818279714328523,80.76097191155054,32.27624734718041
1.5821328989654964,65.31268103933058,26.092253475057458
1.907287360115691,81.19479181458192,22.320088450845596
1.8325986103481,76.35207319558258,22.734537741920622
1.7615327123845597,71.30416919451858,22.979125593246856
1.6794152420617512,56.535518837009974,20.04496033649358
1.9386002704065541,94.33021076202334,25.100031518169853
1.6962225537113178,72.48923244106612,25.194621264251943
1.9082997197357885,59.73112559103825,16.40240479970216
1.7195674542851092,68.38796754386448,23.128169599962828
1.6884722147124538,70.70648762644635,24.80112763362256
1.7313398928348032,91.37689477834371,30.483983898664764
1.650688937082071,86.6807190280701,31.812076920032712
1.8738046900881256,88.46524468206698,25.195561407881588
1.7513601950462396,50.55156322143236,16.48100307064709
1.6161063475734085,70.80769990898807,27.11069274800266
1.9497872866372843,74.06720758176618,19.482805861278827
1.6919456106866058,50.95961384115284,17.801366111383754
1.7717764305569943,62.99066043725171,20.065885125268526
1.9532360554822734,88.01449115610674,23.0698471732433
1.812118997956996,56.855485286449955,17.314061023384667
1.558449020354182,76.76550657262959,31.606828472144137
1.9699160618067375,60.76009360086188,15.657520598486322
1.8138540265357088,50.60603873219466,15.38146411793208
1.667452807328543,62.06007287997707,22.320564746522827
1.5696360363316937,98.7936877455027,40.09879069045824
1.897012594635148,90.07685559414948,25.030688113833143
1.8100363779642568,97.97883221605167,29.905953394093064
1.7667305459881608,74.39270219631813,23.833602855333364
1.946946291525479,55.48680993387518,14.638002414572359
1.8942986056122653,77.39797444868465,21.569134366420716
1.5758374398663757,72.71886672799805,29.28358698926859
1.6558610338977742,92.2178541369808,33.63312640268587
1.624244569907233,54.90412903921223,20.811441354656008
1.8719731462863385,74.4120568510889,21.23459979525469
1.5167662173678897,57.50243323469921,24.994757530587464
1.7849448424356582,66.23379634450299,20.78882999845922
1.8812293428703453,86.86785386938999,24.545710281990257
1.9383828183808747,73.80090646843833,19.64185917195955
1.6710408743579537,68.79441425728847,24.63650122543807
1.9106286523360065,69.72381392850177,19.09978869983853
1.5553158684776036,72.97233842029934,30.166231359903147
1.923226145867259,89.25082719185284,24.129678801468717
1.5637443311659913,94.60423444701172,38.688249420113806
1.6986436452801836,97.76673432519641,33.88336634157685
1.8986476828897767,89.34516931276475,24.784622529153104
1.5749587136743868,65.77034478740063,26.515008544268014
1.6146256976163207,84.4067353043271,32.37675973657352
1.861126284196533,71.8801562027696,20.751874248141593
1.8600182682730373,62.73353110230256,18.13281848381698
1.8205738164426486,92.04357897129613,27.770066029752435
1.8469742222335501,51.92131744811625,15.220328833168104
1.771362221673798,95.08809960677118,30.30479926178578
1.6258995294534764,73.0738732312367,27.642334412860166
1.6728479967519596,81.86007384041402,29.252242889751333
1.590798858400713,82.96769611028913,32.78524921221379
1.9542252806668141,94.75588703532682,24.811724319602927
1.7916958973830601,81.83348410836037,25.491913926800958
1.70042570838182,80.69667923800309,27.908746997435724
1.7310029018220663,53.3326020280345,17.799064670965464
1.9736416698059076,75.9204010972602,19.49045070560909
1.5766757015580402,57.50845004085208,23.13379662935316
1.7931149160083986,86.87168843607428,27.01854862789159
1.752944339442233,75.61109604063373,24.606468063106433
1.805727117717324,84.01138896041766,25.765224125475033
1.5090550919104202,52.083645030119214,22.871317360497144
1.9360619544720756,54.23960080229016,14.470314926819409
1.9660591412418063,85.81616940313411,22.201175473765865
1.7825665917946045,53.60421679993367,16.869702711835494
1.848325411938446,53.56283638826293,15.678578968000787
1.9612496905886478,50.605423761744376,13.15622492458207
1.8536193171566993,97.82506991497401,28.471416431501357
1.5762695214571307,86.87541797295034,34.96519468506036
1.7881441800834066,67.66257042510321,21.16135266872471
1.803357523191428,64.82677906438276,19.933831009688618
1.712065335651193,67.48516148729247,23.02330268431692
1.8682221178123615,88.73267655905909,25.422986284696584
1.9671835073845074,83.06853055352072,21.465785173944763
1.9627842564533882,59.259778393373395,15.382073825502305
1.725419685702066,58.70546676670422,19.719188933667617
1.5566190229203776,54.91978248566986,22.665439328240417
1.9924205994811672,83.0151359850669,20.911983964055707
1.9194490432229672,88.2186331110868,23.944575944001155
1.5623313406016335,63.2523214162502,25.913744913844674
1.9604209413086862,51.047248051545644,13.282311716269517
1.9349481810310643,54.10858337382137,14.451984463393433
1.759419028563036,98.39300174225153,31.785250668240902
1.7956377178724647,64.77223887387102,20.088683212854534
1.6995013519350652,88.46115739190668,30.62736176827952
1.5273808194110157,81.23317844271318,34.82080293904143
1.6675986208229505,69.09698198264479,24.847118094731286
1.9014267242990057,60.28436310977776,16.674218565120608
1.5023160115023013,56.06932090797032,24.842923627628718
1.666749585845572,80.75064840194332,29.067341064686893
1.6990843467954717,88.7316890318894,30.736107804552898
1.7686978014689614,82.19521267705653,26.274789874166267
1.9599278082063802,76.51510666245792,19.91897737050307
1.6731729971829807,52.097561171581816,18.609542616987998
1.673476600948114,98.42443887971919,35.145009006197206
1.8687506240548741,89.93570958272872,25.75309703036028
1.7261089704449035,64.64110183504823,21.6956332830574
1.612302411469991,98.99851646794252,38.0833969489054
1.7262197580663468,80.09407948181611,26.878699258515447
1.5704285101898998,79.12113291036232,32.08161000753141
1.5881934932531117,87.4036589714766,34.65155983027989
1.7491838863697398,90.58848940450687,29.607523443824146
1.709462724752274,82.82393036657513,28.342396227738494
1.95742295053405,56.40478731831,14.721315279427493
1.6811969495583166,66.91337529972492,23.674223908632193
1.7902941751390218,96.40418201630249,30.07786991510723
1.816132143959765,61.230780592192595,18.56414302681381
1.5065472282941668,68.60835119187567,30.228143888631568
1.8317686860083553,71.6038441472098,21.34003255398582
1.5890179834348757,71.97024948472261,28.50331573635718
1.9805351587347275,80.64697912472627,20.559994365011377
1.5743313638765564,97.15379188723537,39.1983205901813
1.7073120618635118,62.034635591625246,21.28180297910845
1.542674834039322,56.0750688150459,23.562481443432386
1.9984371259229736,59.873524492996864,14.991802267729573
1.7510975051656212,94.34624501046348,30.768332583069245
1.797692508660022,82.2905406327603,25.463558654170946
1.5335382386942138,64.29533946195801,27.339481543096984
1.874980235199589,90.79734694843086,25.827345410721687
1.604952796547793,93.0684998181718,36.13085059170163
1.9490271447203569,92.3257169345139,24.304512438455372
1.6025698202410035,95.94632668197772,37.35893031699264
1.5953438603318333,62.612051008668075,24.60080507113578
1.5182748339240475,87.75209643731392,38.067706636583
1.7360334725549995,73.026974863707,24.23076475423361
1.7824205666313082,92.09992764450308,28.989379501236225
1.5328543197141762,86.42453385808065,36.7819950509469
1.8877638083475052,88.82237232498623,24.924534560927555
1.7266444173740139,82.80809188405357,27.775824526991055
1.76219513466379,58.87143847348534,18.958180413755898
1.720381373469114,77.25134594484692,26.100966618743573
1.700381530437663,99.23348697622541,34.32143947723317
1.779820165654109,96.86940332485594,30.579781538357206
1.5776201229653561,52.158686789850584,20.956645847720083
1.5909640652476356,58.24074078647186,23.009445319411544
1.9308928105067587,56.58643867272809,15.17735285359132
1.9730577310668163,86.29899549926478,22.167981744587728
1.6866546581398765,90.88926649284726,31.94921989113846
1.635372336571777,60.675568315533596,22.6871821882283
1.8219997716195078,75.29263464759146,22.680668859705563
1.7043670855490483,92.03515140056,31.683084374706905
1.5126931778301724,86.64007723831253,37.86318420166923
1.5780762986830952,77.11186027459242,30.9645794541841
1.8579861144236989,79.51738452293864,23.03441350602937
1.8294619709550757,75.418027345814,22.533486654196178
1.5135479962517417,64.87742256594103,28.320518030834222
1.6109860809664747,78.2510996429508,30.151357708294302
1.6155373982940358,84.44426510250453,32.35460696274316
1.8359463717993643,93.66614579304039,27.788344069449085
1.509855268877182,81.8145676989624,35.88888800892513
1.552054290992287,88.0560768521579,36.55489281441572
1.8999580426865947,58.003581747728646,16.068183821378074
1.5892723310271668,73.07787372098949,28.932719571087816
1.8263730539259373,50.46658099135467,15.129511338112676
1.6190913905233633,62.33394322608115,23.778358702795174
1.5497206963796726,86.32308575565024,35.943477334466536
1.621586095499727,99.59049756746816,37.87371254212079
1.8611334659278296,54.958904979360796,15.866569346828891
1.9278482340531429,70.07471579306441,18.854527838124405
1.915109932283496,90.00354843495798,24.539867571992705
1.6985917648092275,60.20178173144494,20.865621086058937
1.834042568285323,77.7542474651143,23.115606858186766
1.6024921477079106,86.65356480148374,33.743848566261256
1.6465738651305066,80.79927251300896,29.80197285368586
1.94816790926056,59.401236730770805,15.651022527713176
1.506500961755368,67.76922843428697,29.860268918148595
1.542754265427234,89.18958922426987,37.47318887632207
1.6039431275730136,77.71132570660083,30.206915987159228
1.5132661019369098,50.261480677145634,21.94849120399858
1.5907177175448988,88.0495380014047,34.79692322484496
1.791520780484846,51.76556774701196,16.128622660508036
1.710712275296249,87.2866891365616,29.825935698783386
1.9463358555384875,60.124028008261874,15.871300037293707
1.9087217808692205,97.90367400596901,26.87285018895935
1.670908675848938,68.39703756510423,24.498069579874443
1.6297117167156463,66.34658081690395,24.980260934809458
1.6898462040836335,57.44440251662223,20.116543267903175
1.7951474712574038,65.28021077451075,20.257287166995788
1.6340318204114381,93.83253809141003,35.14248310476882
1.812074453924567,99.81671688136237,30.398433601965323
1.7047058260956203,68.41547652534241,23.54265646285632
1.7760235904259902,72.43053154772713,22.962766634268053
1.7180632645676583,86.10354691013686,29.170423758231568
1.6472328797709588,94.30978902325373,34.75735889724685
1.9742266534810784,79.6522167093392,20.436374135506707
1.8818028970798804,69.57628490889147,19.647756622014644
1.5700565878832262,70.63109204243119,28.652683991727596
1.9342339879489563,84.78090732484034,22.66105053948694
1.7437155991247568,50.16091318021393,16.49734773943171
1.9472761134470458,80.97946687299203,21.35599645919822
1.8999276279736577,67.77465052206787,18.775571734953242
1.7126067522346167,89.7098665638542,30.586156529215653
1.5112346541600588,54.64953199115661,23.928894745024078
1.634338679692473,79.41011334741953,29.729780139074723
1.7708171073304335,74.04864449430619,23.614007404004212
1.8167391099130736,82.11627629526137,24.87964138524075
1.6289438427166012,53.24267972414842,20.065393485356836
1.569678037036412,78.99918937140657,32.062801889238386
1.9174651183996496,78.07422939797618,21.23502428262076
1.992201090351776,78.03300472080855,19.661288830759016
1.762845091151343,80.17438332982275,25.799264612361352
1.5858396429241517,83.82339686131812,33.33087507572912
1.6361536632596845,90.24944998403848,33.712921221225955
1.5091953382737333,63.49103600641072,27.875425387971625
1.9571494032802494,91.2524705090031,23.82301211534165
1.5588755414450706,74.91278411317268,30.827127002952494
1.7882582377571268,53.852913956716556,16.840257933541434
1.637027610343603,52.92754646219896,19.75012066711798
1.7770890012578966,66.71191593480305,21.12443274524496
1.8257101941759322,89.24484885557338,26.77438335466332
1.9148709018536008,85.3840467370458,23.28615236085301
1.6032106358803015,89.43074823362032,34.79410691552037
1.5054979143292402,75.86345282208046,33.47127752653646
1.5684428150344036,72.00994989777453,29.272184284320574
1.9500093209240525,57.372626335314195,15.087988918187506
1.9369450387812577,66.40963768046558,17.700947558075896
1.798706551085154,71.70096830869376,22.161767173196917
1.8002584302168267,54.43002148398086,16.794566530198857
1.8325183372731277,61.03059763556056,18.17401844428282
1.587685639311725,79.91126470318694,31.701438603319488
1.95720597296248,86.7831557119595,22.6549116833246
1.7093852624460366,99.91737556964748,34.194881861153355
1.6915692641247486,96.65566656717789,33.779074739135474
1.7594588526414188,82.12825997675958,26.529825428070556
1.5234829833875274,71.0624026647036,30.617143643813435
1.5831416843780397,81.80886823541164,32.640801650154714
1.8690168082131853,89.2825809040116,25.55879189675947
1.5413993339625631,55.91680954616937,23.534883337862304
1.801576054733194,70.4952444848144,21.719739857529742
1.6226745548406605,91.99011428178086,34.93641246594481
1.6946478070209883,69.1916475966522,24.09321545131695
1.64434686838535,78.59361356135932,29.06701174021308
1.6778363582324745,79.38846804310991,28.200591592946516
1.8595229525921226,59.22381265668197,17.12747238165059
1.6485608578115876,68.11177208261442,25.06179720561959
1.7832023201484486,66.72556443709661,20.984132271746695
1.7380252010995498,51.30983542660324,16.98589687095245
1.831835582681324,51.209588194567765,15.260835180102129
1.968414869662379,91.58485218378868,23.636892205215712
1.8662860486051251,63.65354049864062,18.275368625272495
1.6074701892953784,75.90393831194078,29.37503919706418
1.5155915675306424,64.93627867943866,28.2698195423627
1.6311320221499126,97.03396225576702,36.470820838678335
1.7975389653501275,62.964837943288686,19.486841967089198
1.5257129067421251,71.48284063694675,30.708327395975978
1.7481831236006182,93.63651252423008,30.638774012522056
1.7984214244584447,92.09667833959043,28.474822887473834
1.6671219454084805,59.305070892313864,21.33816615284528
1.885456101872911,90.13216548978552,25.354027358923638
1.5532991265668858,72.90934433689463,30.21850652681903
1.5375688908679044,74.14844360426775,31.364103082365002
1.8640943781018016,56.67399862079719,16.30977845925527
1.7477456581030992,54.03007568785623,17.688015581204265
1.844201198213868,86.39696534868827,25.402817529438195
1.7174136693018731,74.82305761776499,25.36796448776164
1.6232010166195534,71.84253513075898,27.266979835104646
1.9095511588371,86.47541143261984,23.71537743113732
1.8997079394844896,88.27564494955548,24.460606641868907
1.8473482354272135,57.94540838346768,16.97936670107708
1.6360725686149813,80.51125747388207,30.078175128220938
1.7951153334345435,56.76770411388428,17.616377858838064
1.6804869484700133,87.56875430145229,31.008366180501977
1.5457910366633172,82.84775781335698,34.67202361782203
1.9586567877311214,97.8307310541729,25.501082424619305
1.5684093154594807,53.44790081782106,21.727603463249647
1.9751186769104012,52.852736057562716,13.548183902105283
1.723002886478978,64.10935373466,21.59481008036825
